{
	"f1":0.7275922671353251,"milliseconds":21412,"precision":0.6017441860465116,"recall":0.92
}